insert into IDENTIFICATION (CODEIDEN, LIBELLEIDEN) values ('  ', 'WD6VMR7GXFQDEIBO3R0DDJH4B8QFIA');

insert into IDENTIFICATION (CODEIDEN, LIBELLEIDEN) values (' 0', 'A18Y597NBIIU3GOH2EFEVW3KMJCLHO');

insert into IDENTIFICATION (CODEIDEN, LIBELLEIDEN) values (' 1', '6GQ7ORW OITDLSK136DJ5EPCI6279D');

insert into IDENTIFICATION (CODEIDEN, LIBELLEIDEN) values (' 2', '9UHYFS66FE399PKHTCBVM8CY6Y28BU');

insert into IDENTIFICATION (CODEIDEN, LIBELLEIDEN) values (' 3', '23XGVK7LS72O9T3EWMXBNU3S6SDTWQ');

insert into IDENTIFICATION (CODEIDEN, LIBELLEIDEN) values (' 4', 'QJSOSWJ6UJTCMRM6NMAHEP1H VY5QQ');

insert into IDENTIFICATION (CODEIDEN, LIBELLEIDEN) values (' 5', 'QMONQOKB9MYXNL8C8A7WJT6245FF5U');

insert into IDENTIFICATION (CODEIDEN, LIBELLEIDEN) values (' 6', '6B WBQ84BNHT5CUIHYU8X MYIR79EM');

insert into IDENTIFICATION (CODEIDEN, LIBELLEIDEN) values (' 7', 'G7YYQOTQVLLMBOVM46EVU0UVPQ4U69');

insert into IDENTIFICATION (CODEIDEN, LIBELLEIDEN) values (' 8', 'VXM1RUO 4SD7BQI4IVD8C6AS X1K67');

insert into IDENTIFICATION (CODEIDEN, LIBELLEIDEN) values (' 9', 'NNO5NSQX9W8FMMR8I7BIMU4OWM7Q3A');

insert into IDENTIFICATION (CODEIDEN, LIBELLEIDEN) values (' A', '6JVVHBLBBYGMYBL0P7DXI82MX11PB6');

insert into IDENTIFICATION (CODEIDEN, LIBELLEIDEN) values (' B', 'HE19RI0RS4GFYA1II1AGUB5 0UENQ6');

insert into IDENTIFICATION (CODEIDEN, LIBELLEIDEN) values (' C', ' EYU4NU4Q3L5GN535BPY0MBGA118KP');

insert into IDENTIFICATION (CODEIDEN, LIBELLEIDEN) values (' D', 'N6D1 BNNWALF120IKKQWVMD2GK52B5');

insert into IDENTIFICATION (CODEIDEN, LIBELLEIDEN) values (' E', 'W137DXB7QMXKI CIJ6TRNNA2G7I0NN');

insert into IDENTIFICATION (CODEIDEN, LIBELLEIDEN) values (' F', '52TAJWKOAFDARKS1AUBLK5TGHINIOE');

insert into IDENTIFICATION (CODEIDEN, LIBELLEIDEN) values (' G', 'G43KIROCYQX S9X JOTBRNDCKCKQVE');

insert into IDENTIFICATION (CODEIDEN, LIBELLEIDEN) values (' H', 'UHJPO5LRWMDQHFMVLKN83QQ1GYAMW3');

insert into IDENTIFICATION (CODEIDEN, LIBELLEIDEN) values (' I', 'H6F UVOW7C9YLNDTV9L51FFFI7OP5W');

insert into PROPRIETAIRE (IDPRO, NOMPRO, PRENOMPRO, MAILPRO, ADRESSEPRO) values (6, '37G0MSJTJQIC9  U65HIE4R4ROYXB8ABJNB0QQSBAP4GFATSNBVUPW8LG3CE9Q9TDLRLULIEG4I9F4B72EBL6726MUB7QOPHSLNNHYHYIQGL6VFKDRWMCOK0Y5JO53PGIUD27ILGC5G8J99TXMGVM9AUK B4TEDJKF1UDC0V9RO08B1GJUDBF5VXW3MVW72XF6EXASWRYPWSYA7HB7Q YR41W21CKFAF PWB6HP4JXJG7RBHW6BUFW1HV5WWRAN', 'CI2PMGCKSCMJRKHOXGYQBP74AD5DCNN9WKY4SYQE', 'VIFAWYAWMJN2RK9XXJI866KSVJ40WS3QV7ROFH83', 'HB8T0CQWF V5P YYBAI 4JN5UM2 QQBRK1O3 0IS');

insert into PROPRIETAIRE (IDPRO, NOMPRO, PRENOMPRO, MAILPRO, ADRESSEPRO) values (3, 'DIEK35A KI4RYJK2J92G UMS4II30G9YMPF5C8EF6STA89TD9RX9I97LCY095H36JOR14CAWMP8KBOY8S9MFJI9Y0QBMUJVF2X58LCOH2 HO5 MVUXQA7DOGKRW2KAVYMD2HY LA7SDBV9TLKDQXPLLV1EY6YAQ76AU3CUCPAMJWHJRXSNRY9QI3VDI6K CQ9FK21KI72GDG6O0JP5TQ4A374UCX1PVAXX33BJ FVN2P1ID76PN9JQEGCE2Y1RS', '3FEGJ1UENF2SYMRDPR2K10GJAHJXAPF4EESX25PI', 'L7TXA2OYBQA7UHO771 8PF6H298OSE9KKBBW2CDM', '0OC1G CU 7NGOW20TCVOOHV33UQ5VIKO12UDW SI');

insert into PROPRIETAIRE (IDPRO, NOMPRO, PRENOMPRO, MAILPRO, ADRESSEPRO) values (4, 'SQB1HF6V7H K ARXYILS6UBO6NY0F8BS8RJV7PRMHAKNB313VLFJTECJ MWA8EFXVOXSWIFYE70TEQWG8T912JVSIH1UU93G1M9RT99U7LAEIFS0I4J3MO KNVIEFL709BOJYCBLCGTGOJ0XAX5GO8MBD0YDR8JE7YQQW8FPFACVICUQBADH8PMQWPB2C0URPCFMWDF2523AB9F8HOUGTLQQI51JATOKRQ5CUA1RGCO61NUFW7OBPENNP8WKDLL', 'RP4HSFCD9R5WH6T4W8 V7QN9G4SIYA4XP11H747R', 'GPLVTVBM V25LEKYC7O3UEF5FK82 XUOCRYVA3I0', 'F8ROVYS ECLBEW0PKH9K0T54V7K2FUTJ8 H3GPYU');

insert into PROPRIETAIRE (IDPRO, NOMPRO, PRENOMPRO, MAILPRO, ADRESSEPRO) values (16, 'GIYNRBKU6D83PAY1QQECXSPY 395S18 G8C5LKQE14BRVCMXPEFRSM32JH4EKEQ7UET89GE5A3RIH358AFW69D5FFU8N253H4NSW1I8D4S7K351PNH1DI L929ICAQCY4P7KWYWC4WVK0PVW9GIEEW2U2YFCW6KO HI1OL2729HJEO7BWALTNCB7FE0VG9VL24QKY H12VC 4MODK61JP41EB5SL7ADK2SFQ29XRFV7PVPXDLG6WUR2CAXSK9C7', 'BGJ8319LBEWFB1LJBWNHIU6U6Q35ARFDFFRB KBS', 'L1M8CQ5JT CH48VV380CKHH64M9P2WCLL39SAKUW', 'LWL78ESSLALSI D23MYV7JYQ5IS2R8OMHWJH3F2U');

insert into PROPRIETAIRE (IDPRO, NOMPRO, PRENOMPRO, MAILPRO, ADRESSEPRO) values (5, 'CXYNM685AVLF 4TLJJJTM3E6T3MM9G2LMW30O7E1C9HVH4GG0B4DV9T8KTAFJFUS GYMPUVENV4XAVS7T1XO6YH29T3VOMM VFD6 MF5R4DHV7NMV6X8IJIMDQE4D64HQVEV5RJ77U215PIH1G7X97OUEGQWP5LMU56FBCBHC2DJCQJO1V0B5UENO7RH681RDX23X6H0H4IJ8GH1LNRED7S2GFALO029H2JOUWGSVNV2VSUG7F0QITK5WWAMISY', 'R1I1PFHT1VQ4HEN5NB27RFPOUKSVW6786MXT WU2', 'O6U9QMH4S5HE1MLD4LWMO1OVQ32WG3E1DU7IKF6K', '04DY429OFGY9  KA G1LXMVMEOM KHQNQDQ067QF');

insert into PROPRIETAIRE (IDPRO, NOMPRO, PRENOMPRO, MAILPRO, ADRESSEPRO) values (10, 'I6U7HDVBULI0PSHOUC0IEJX4W3NXCFNM CPXC8BR9OXMLW S7FI41WLIF00G6IJQ6UELPH5852BNBILLIPDURCPHWILD1A2GJE0DFM4PMLG12EC6RE9XA4VCEF88CQQPMNUI0LQWW C0KO481J4NTSH46E4T16Q305IFDOB55XBV2VJ5E68L3FQJE3P2OB2SBCWP1MYHLXW6AYY1Y84CDFMWBYQ09CJP4L622KHKJG0IKAKJVGLQHMV79G5VDUR', '5B3WNTUHEOLDQ71CM4F0B0N413ULQ9NSLMEGXTMT', 'SKXP90FWSJJN9DDNVMIFJIH4ELV71EQ3JF0JRE3M', 'QCWI67WJUX1KL HGS6AFX2H7XY5QQIL11HIOU757');

insert into PROPRIETAIRE (IDPRO, NOMPRO, PRENOMPRO, MAILPRO, ADRESSEPRO) values (13, 'B56TG11JP8WSPPLD0CMRRR913HVB32Q0V19IU1YKU0JNR223IJBYJ2 GVCGR60DI5IXCIOOSO8JBQKB9OP4VCTU6I8BBTCL4PD4JR5Y6GB RXL96T4FGMWA3LII5VRKJNDSP56 H4MUAS5BXY3LV T7VEO ODHU9TCPPCXA99N2EWO9DPYVN5JTXW4LKG9GKO5KN57UV6VG  7B7E2EL1MVJMF3TGDSGCM00KA2EQSN5YA3UXUAQQ3DNU14OUNO', 'M1T0G6IHBWHN8BP6NV9IXV0T2XDOS70HOMI47P74', '828X PA 2J3 MAQRYO0NQE1GBROMXPATJUEDATRY', 'UN1L5GA08TJ81OYWTBKLH6NIIJWMQ1G8ETM3M9YG');

insert into PROPRIETAIRE (IDPRO, NOMPRO, PRENOMPRO, MAILPRO, ADRESSEPRO) values (14, 'SLPIGR PRIXCAV0KGYNGFFJV3GKAO9EB5VBI 0NYMRX11XY63P0T9I38E0L1NIIBY9HCUR6FECB5FJARI3E47JERYOPSOJFPBI58LN 4ESS1N6OJ9QB2E5M5TEMS5F2Y81EB1F0GLB X8KC5PUC9C9IK M ARGVVEW9OB0R8SRMY0J0MXB16RTAG2KIBE1VPDSV8TI7OLLF712WFVO09O QSL2YYCQK4D4CU75WFC15MPAWE65XSF34WSL412A3', '7CW20DTAFVPG65 AEY9ADPU113UGX94HPE2FKHAP', '0F9VX2OF 9U  6 FU4NFCGI39V7OWIU2LHOTNOOX', 'HJONHXQAUE9YSDI7HSNX8RRW 6T8OM38IWGNHD9A');

insert into PROPRIETAIRE (IDPRO, NOMPRO, PRENOMPRO, MAILPRO, ADRESSEPRO) values (7, '5JWT9EAWI6WM2MK9TCLG LMCIOBRHDKYAPSI7OIUD1MMBRBVBLHB 25QR40RXBMCEI6N8JIUUMC02A641 18U J68O5 29OWRC1HTS6J7FVPWRXYEA1 GRN5VQVCEU1T2G0ADIH64PNMAVHTB30DO5MK0FWQE 8SDRGD50MGNIRPNQXN2T3795PYGRP5EUY362A4E XN8PYXANJ1DJ1EW1BCCECLNX HFX5W7CWJSVNAF9P C9BT3C 9BUL3CYC', '0J 1QIIMMVLRJ5YDFOCL8955EKSILYEX3XDQKFFI', 'DD3U08312OEUAS6AKUVF8WC4F59APPFJEGQRKP4B', 'KR UMCROHYP1EJ0Q9 00OQ71BW12WOV3RFU4ODTS');

insert into PROPRIETAIRE (IDPRO, NOMPRO, PRENOMPRO, MAILPRO, ADRESSEPRO) values (1, 'BEMB4LA5GLEYV5GY3GN2DCYGSBFSPJ04ETAR7IAI8BHJPHE1GM8011YLLQ61I7EN4TS0NQ3W921TYEKSP8ALTFSGREY1N9QCEVTDY0SGGDVTPOP91YUVQP471IE59FUTO SPN0PF95G754TM5YQLT X8LOVDJGYUWGYLBAF9ON3DHB78ARM559G 6WMFOXHCK1C9J8TJ7NVBYVHK7CVKUG842NLMYC5CQVPKY94 VANPS8H971OK2C3I2QJXN5 ', 'XHFCPF2LN50UE63X1V91E6BPNHLR7EHXL1530EQ5', '453MITCEV Y197 D8ECIMOFVII02YTPJEQ8GEK0O', '4DE3WH I0336KXQX64 GAIU3AYEHAQ2P8UI34SFD');

insert into PROPRIETAIRE (IDPRO, NOMPRO, PRENOMPRO, MAILPRO, ADRESSEPRO) values (18, '4YJN18MPH822TBQE54L1I0N22JD 11M92B0IV2HD3FXKNVOL6A8NET0LYB898H1JOHMFW5Y4028CVR9UHMH1WS BGTDGGCHOOJ6BN9Y8MCQDPEJ3CKCJC6Y5 Y8GC20TW9VW86F9EXLG57IN5168PABB57OX61LCES9MHQ6421E3RN31JIT0MFABPK AUQ2 AXCRURVXGG2OU62482FHF01YKKTSYN5PXXKDH443IH199B5 46M31DM9S8AERCK', 'PS7CAJN JT3EVJ34OCO4X E53CJT9YIPQFQYHVHO', 'M1JQPMB70PPHO66V91NS7TDCC7SQ 74LH80FVEWC', '9SA91H 5HN86SIC27HKBDRTTSR6R3NYO3Y8KDQ6B');

insert into PROPRIETAIRE (IDPRO, NOMPRO, PRENOMPRO, MAILPRO, ADRESSEPRO) values (19, 'RSMP95SGBDW1SMMY2A F22 1ML6UX5CVPHDY0ANBME3BW3N1 X18ERA3LDIEYO9IBU0 2 P07 XG2M1SREJWV2SN5NWASJPWQSYSJ YROSUFJQEKL95N1K CF3I5KLBBBF6TEPFQUJRNBLEL16148GFSWK157ETXR04WE77YS65 71R1V YBKNPGD2RSE3WWYYSA06CEXS2LRM6Y7O6QYPGTSRF MJB76VPNJ11WXL05EIGAEEI73TB4J C347U', 'XJAUOGOIG14LMOPO4ST5V1T91ESD8S2PGL9B1EYI', 'Q4H0OW1ND2UUYWNKMW3L0UG19F7WRU4UP78O7G8O', 'Q36CAGH1QLPTMS6WV 1MFA41T Y8I3G7ONLXA379');

insert into PROPRIETAIRE (IDPRO, NOMPRO, PRENOMPRO, MAILPRO, ADRESSEPRO) values (8, 'QXFY02RE8Q01O7GDX2HA0FTXL66DUX9ACYK5UF3N3LKTM5 QN6CBS781EKYUDVIHRDAC1AC011YFTX8F3XN2NF8EJW4O8JDBLJT9U2IPJS3JJ0YCVT6E1YOQYLMBEB0PE1H2 X9210XDFOMCILTSVC UICKQ7C6JMSTIJVWDR0ONJ CGCCO8FYDMX75DGKAUL1GSYND YGOMDRTMPD08F KVVEUAAQGKL79P7TCAQ8D2SMIUTB8UXB1JWI61BBE', 'BOVQT4VCF7MFXNY31LY1EVU G5VNWUP0TY5XRXAA', 'S72TKFUC2LY2SOQ1 XEP08BYA2XSFJYPHIA7 P84', '7HL0A8BVSY00I0BGVUY24XU14YOKW6FC5UCMBI52');

insert into PROPRIETAIRE (IDPRO, NOMPRO, PRENOMPRO, MAILPRO, ADRESSEPRO) values (11, 'QS36LKO1P3LGB3YH7S2UNHPWHIEVPILIG8PDAQDGOY P8 XGQNTMR0LXQ16UW9OUSXD45VR5N6627IHSKB0DTTBJ9S82SED5UPOV3GID4G7N47EKUND6 NWS2Y9R13BQTFJ7LH21OGFQG06FPCY7YM6F7M9AV YNUQ4XK8OOVPGQ574RE31R ATURRG413EK59TXJICKAO48RIBJ3F8EUL53UCDXSTPU0HE9JEUIJQN A2LG4UEPTXEUN4TIX0K', 'Y0 V6R7REF86JQ5TGWADTCN7N1Q9BR9UT6CE1GN2', 'MPIUCWL0PN64XXO90BWJ7WAQQMV5U31LD3BGCRLM', 'YMI A4X4UY2SFOB53A SYJX49WK8B2M YGBFFX7I');

insert into PROPRIETAIRE (IDPRO, NOMPRO, PRENOMPRO, MAILPRO, ADRESSEPRO) values (15, 'FPTV64IR3B4HVCEMUQOOJQ0JHAUWVTXK0IMI2ESHHB0DX HTM96IT 090 4 4B6 US3VH0M3I8IADVMEG2LKOEJ630IQKTUWXWDU32RIOULJL6LCMJYWFHJI2LF3L9D9V9IIRBFH4Y4Q1KKF339QG4FEW289U4LNXBFBHX6GPBXOGA27F6FMDT P9R5R1CUK2H0 GN0PUUOKM44 X99FXLE3F1CB4IQ7TBYF TC8PE1TJB3XGWH9 0AYC9W24ND', 'UV1UT39P607U2FCKNNON 9YO94IRJRE3CD7U3NAG', 'QXNAG9DML4 T 972VQIOFYCRN6E85I4RJP829PF4', 'HCKTDTOARCJTW2FSCF76JDJIKIN 7S9GOI5DJUQE');

insert into PROPRIETAIRE (IDPRO, NOMPRO, PRENOMPRO, MAILPRO, ADRESSEPRO) values (9, 'KGB XJ7 X1VH2DPQULLNIN5NJMWRBAC9FV1N1S55CA8FDEO9HLYDV3LXTJETO QAEM3GKHKFWJF7 32AABJ0APIYL09U2QFQRV3QLLTWQJH3E1BSHB1X 1JWEL JO9NCPKPSJ7VYSPG6I0D62R3DJPXGMJ4H D3636KU2M7GU2CJDYOBVIFHPMDNBQ96Q3 TNVGY37SNCEB3FXBDH2QBKP6XEP11XK45TI36UJ66N1HRA6R 8LSUJ636LO2DW4T', 'F8M5HOATU JTY6IRQVRFGSDAXYXPW2A47U17NPX1', 'U6CBYGM9FJFJOQ3XUW39PHJNOHS3KMS8UNJJY8A7', 'GGQPWLIPEOOJWXLQNA43K57YKIVH6A5RNDEAQ1QL');

insert into PROPRIETAIRE (IDPRO, NOMPRO, PRENOMPRO, MAILPRO, ADRESSEPRO) values (17, 'IVL8EUEF3S0 9Y337AXFX7BILCI0D97WMU8PGVM5WM 19N7XGKJFBJK8WVPN8UHQOJ9D209FETCUDV9EMRINQRKP58FNWUQ77K43VLIYYQ3O2F47XEP QB3SU8ITDOVS4AXQD9QX6MUTQERH1PJDT03 TFFYH1 EVWGA2XF17FXLN5D 0Q2RDWM9F8CV  CJ5A5O9S9KIXAB2AAYCD34QAX5CR1GIRD9672X9B39 OLF1R 8V51G3TFOO YLMXM', 'CV861AWBS PQ4NEAV5VUC783NN9PR5IIHK31RA2U', '186A7V7LLS8FN03UX8MTBJBMODMPEIY0KLP99VIM', 'KIP8 BE2AWP 4D EAY7V6PFW IP5SCGF4AJY 3I5');

insert into PROPRIETAIRE (IDPRO, NOMPRO, PRENOMPRO, MAILPRO, ADRESSEPRO) values (2, '3I6Y279UG  3AMS43YIXTKDOFXK78TCT45F845OP 6XQCPTIE7NJA66DJ12KAG4T H2X83VW8OG435M2JRG6 UMEMAPGSTNNTBYRGWGY426G1O9YF4QY0FHSUGKXQ3NJBVO30EBE28KPPX1DI7YJKOSPYNHQ7E3TOROY28L22JVDNFLTRBGAU7TH4F398O6 NY40S1QTKQ2PHOTTP6A62L7N6RRK WHPIY LIBHQNXYKU U4DXBWHBRTDYPBKTS', '5HGQKJB2J01EAR013XK3NPBTRYVF82S3P GAHNQT', 'LU0CBFY26HEH4XR9QKXWF483 XEJR7P5RL1GM56E', 'PYUM5YGE9X363P4N8PBP7I3IKUQ3SVB 7LCTKDGV');

insert into PROPRIETAIRE (IDPRO, NOMPRO, PRENOMPRO, MAILPRO, ADRESSEPRO) values (0, '6WKNMHQMEU2MMSD6B50DC1OGLON78NPGPYBJE OBVI6YXWKJ0LPV3C6T5RHW320BILWSHJLQ3UD14UM16952RXGK3UU1FQM4V9FE5JH7F32TNL0JEHF27JQHIRM6QCONQDVLU PTVKLH3KKP QGAGEKYABN7P5RGOC4Y4C2G0M8L7SMXUH3FN7XBUDM95VUW0N1BRMRQ7K4VXSSIJ74H49AKBS5Q2TB1LV9SMDE3DUBEAL6ECG6ODEEJIGPCMSY', 'I7V87NCUYLNNV3GUSEO4AGU7ILJ17693GS857NYR', 'IA635ASFH2CYT L7G123AGDI54A 6LQ748GED8YN', 'TTDMMO4Y3TG W OPIKO1BGSYP2TVNINPWBX46VK6');

insert into PROPRIETAIRE (IDPRO, NOMPRO, PRENOMPRO, MAILPRO, ADRESSEPRO) values (12, 'S1HGSTO0S3VTJJS9E5RTL YIVTDR337XUJ34 I5YRP2GV1JY2HRK ST8WCGM7XVUNYAQB3W4T1 1CBFKRL1R0PCKTURJ9R8QGWQJ22NPIR4952PSLB8Q1VJ KQAN3B9 8H3VP6LD610OP40PH63MPJUBV24 RKEFUL1U36F4YR9USINW4D9L 39T9JDIPLN9URBH94HFPIG5GDD8 QJM35A30K42LLL5K3PSM5H55H9V 1I3BPOLJE2964LGCYA', 'X1JDK0YRBR3RE9UHR 2DREDP9HDJ3PF9P5R3JAQ ', 'I80E12HA99VI163G 18X89I3FF40BBRQOXLP5C9M', 'KC60HUHKIEXH5GYN0FTJT3 K1H7I3U9YMDCO0B9T');

insert into ESPECE (CODEES, LIBELLEES) values ('   ', 'IKKGHK Y4VPI00APFUA6C1B8OIR5BX');

insert into ESPECE (CODEES, LIBELLEES) values ('  0', 'FLDQEGNIGGQ0JAX4S7JHRVLO9J 3IG');

insert into ESPECE (CODEES, LIBELLEES) values ('  1', '5UO1OPBIMAUUQLV0R48H7UCQTKHT40');

insert into ESPECE (CODEES, LIBELLEES) values ('  2', 'PU2FB7DWGLR02M190X 3X E1TMSUVO');

insert into ESPECE (CODEES, LIBELLEES) values ('  3', 'J6X09624L6AE3TYGO8Q5M 2CDQF6UP');

insert into ESPECE (CODEES, LIBELLEES) values ('  4', '6 U12EPNK4K1QHAWAFS53GFVQKF6QS');

insert into ESPECE (CODEES, LIBELLEES) values ('  5', ' 94VSJI8XECTRG34RGPTQAPISUXW33');

insert into ESPECE (CODEES, LIBELLEES) values ('  6', 'RNXSBTB7 J41V4RW4EGPQ71EIOR JU');

insert into ESPECE (CODEES, LIBELLEES) values ('  7', '0R R H8KG1M377H59FW72WUGAST60H');

insert into ESPECE (CODEES, LIBELLEES) values ('  8', 'F9007V6OB2GM GPJID5M16WCFRCAFY');

insert into ESPECE (CODEES, LIBELLEES) values ('  9', 'W60UQA8R25H5JEKTQ61SGCVTGDPAVD');

insert into ESPECE (CODEES, LIBELLEES) values ('  A', '9DNXIPYKTTJ835MUVGS4LKMLUPKFLH');

insert into ESPECE (CODEES, LIBELLEES) values ('  B', ' VVLEGA 3BYBPNJVJKOPQDHRFFO6CX');

insert into ESPECE (CODEES, LIBELLEES) values ('  C', 'PHCNNJBK5I34317LJJX5FH0QGABP0I');

insert into ESPECE (CODEES, LIBELLEES) values ('  D', 'CL65K0R073VA 54NFANOFQYHS28DWT');

insert into ESPECE (CODEES, LIBELLEES) values ('  E', ' PP30NHWQMHW0PX1ALC0D3W J7UADG');

insert into ESPECE (CODEES, LIBELLEES) values ('  F', ' P LAA5E0RIQCX6DAYB1L13UE3TXL9');

insert into ESPECE (CODEES, LIBELLEES) values ('  G', 'CDHS RIWG58IIIH1S8MNAYJO3A3SVP');

insert into ESPECE (CODEES, LIBELLEES) values ('  H', '6 L6H38KLTNWEOFWDA6GJDO449L2BD');

insert into ESPECE (CODEES, LIBELLEES) values ('  I', '5CCEE583F69WFVY9IM3LNJWVE3Y8P3');

insert into STATUT (CODESTA, LIBELLESTA) values ('  ', 'VG2LYA8DXWDBBT2P2BKYC7DKD6M0AK');

insert into STATUT (CODESTA, LIBELLESTA) values (' 0', '7O 044 YVP9UUMH9CV1C7XI3GI2K1D');

insert into STATUT (CODESTA, LIBELLESTA) values (' 1', 'DYLRJFFWJD6JQKG0XAIFT9KUPGLUQC');

insert into STATUT (CODESTA, LIBELLESTA) values (' 2', 'HDQ089CFSLSCYLC7325OKLWPSF 77M');

insert into STATUT (CODESTA, LIBELLESTA) values (' 3', 'M N2D568MNRXTW75LNADKFN677QEEM');

insert into STATUT (CODESTA, LIBELLESTA) values (' 4', 'VCETWM31N6 FHOKG4 CLAMIU3F2 VK');

insert into STATUT (CODESTA, LIBELLESTA) values (' 5', 'V6A33X96PL46HWSMVN GSHWH5KD983');

insert into STATUT (CODESTA, LIBELLESTA) values (' 6', 'EP6ODG64GWV32UJ05LKE9FOKNMNF3 ');

insert into STATUT (CODESTA, LIBELLESTA) values (' 7', 'UB2O365JJ1S3617A1GOH9XJ90WQT1L');

insert into STATUT (CODESTA, LIBELLESTA) values (' 8', '2IHACD71U1F59X28E67Q64MQNWB9YT');

insert into STATUT (CODESTA, LIBELLESTA) values (' 9', '8H7A1DCN2VR4KLJQYQPRP33H2KHSH8');

insert into STATUT (CODESTA, LIBELLESTA) values (' A', '3Q5WSY8W8I7PKYE1TAXDSKM4HYBHW3');

insert into STATUT (CODESTA, LIBELLESTA) values (' B', '8B3C9NBH8 NM 3NVQ4TK4FLORC3VGF');

insert into STATUT (CODESTA, LIBELLESTA) values (' C', 'G8VHRT906CA15W9A92LRVLBV IBICC');

insert into STATUT (CODESTA, LIBELLESTA) values (' D', 'I2HXS5BN2EEQYHJ3U73QJHLSEBJK1I');

insert into STATUT (CODESTA, LIBELLESTA) values (' E', 'WPPYR77QPAJJ5E8M93EX NKN8N5L V');

insert into STATUT (CODESTA, LIBELLESTA) values (' F', '6Y2A8T7JUFI7GDQNKGHSLWX30BPPCR');

insert into STATUT (CODESTA, LIBELLESTA) values (' G', '9YBCQH4RU R9  H6M9PU 2WU1WOFKH');

insert into STATUT (CODESTA, LIBELLESTA) values (' H', 'IADWHTKRD4X6F0 45IHMXD5VQPMFRN');

insert into STATUT (CODESTA, LIBELLESTA) values (' I', '2L9SLB2FSJUHT7R948 53LSF46GR5J');

insert into RACE (CODERACE, CODEES, LIBELLERACE) values ('    ', '  5', 'KA64LAY4LDN71I JRJO4UY9O12MOJO8BPG4AJ2J6');

insert into RACE (CODERACE, CODEES, LIBELLERACE) values ('   0', '  5', 'PBMI9LIK2AR5G 7BE13SI4YWSGLEYFUDA1RY86FU');

insert into RACE (CODERACE, CODEES, LIBELLERACE) values ('   1', '  E', '95BG5 DR0PLL4FKFDTG6VS ORM0 SW1PQ2ME 4KT');

insert into RACE (CODERACE, CODEES, LIBELLERACE) values ('   2', '  H', 'I6 PUJKKP1GOD2HU376B0X27L4VQ52 5AL2 9UVS');

insert into RACE (CODERACE, CODEES, LIBELLERACE) values ('   3', '  2', 'QL69PO7D0Y100YO5KB6EY1A5E6KL5DUBY48HBMHK');

insert into RACE (CODERACE, CODEES, LIBELLERACE) values ('   4', '  F', 'V38C79E62RHMYSF G41 FK84M70ASE2IOUBX0K6O');

insert into RACE (CODERACE, CODEES, LIBELLERACE) values ('   5', '  E', '2JR RKWOUO0V5H62LGWTV2223GQK56DVCUT987HY');

insert into RACE (CODERACE, CODEES, LIBELLERACE) values ('   6', '  H', 'J3WAKP9OFJ7JE6 WF8VHDYRO7UBJB0FC6Q1I1AEB');

insert into RACE (CODERACE, CODEES, LIBELLERACE) values ('   7', '  2', 'A616HUTDNH 2N7HWPPX74VE63XM24W1501HQAPVR');

insert into RACE (CODERACE, CODEES, LIBELLERACE) values ('   8', '  7', 'EM915V4 HP6XY6GJ70TVIOV14XKJ7WY0 YTE3DNA');

insert into RACE (CODERACE, CODEES, LIBELLERACE) values ('   9', '  E', 'V3IM9W0B5EM12A5QRL54Q65XBYLEYMHWV78JNFY6');

insert into RACE (CODERACE, CODEES, LIBELLERACE) values ('   A', '  7', '7J1YS0FOPV1EKP3002IL95EP3CN4TTKJAXVCUJP5');

insert into RACE (CODERACE, CODEES, LIBELLERACE) values ('   B', '  8', 'HNYGI9PMBREUUYLBVVV7PKHM  W5K6E65QGRK5FV');

insert into RACE (CODERACE, CODEES, LIBELLERACE) values ('   C', '  3', '5JX8IKO646 TERUGJBSOFQAMJ23 V6 O2YQ6E3NI');

insert into RACE (CODERACE, CODEES, LIBELLERACE) values ('   D', '  3', 'GQYB3X3SUF3E2KN13MA3QQKNBMCDO5XB5YNC5848');

insert into RACE (CODERACE, CODEES, LIBELLERACE) values ('   E', '  A', 'GYB79K1UUCDEKNTBR37QPUDC3CUR5B93KHT5Y3I7');

insert into RACE (CODERACE, CODEES, LIBELLERACE) values ('   F', '  2', 'L8KF2DQVY1MK1V66XF9SQC8J2OVNA3H2QB00XUPC');

insert into RACE (CODERACE, CODEES, LIBELLERACE) values ('   G', '  8', '33UBDG06TRGVS13FH8QBH3U5BPR93IJJ0 0UHAVF');

insert into RACE (CODERACE, CODEES, LIBELLERACE) values ('   H', '  B', 'PWXSAOEIYUG5 0SY2HSJNGH07G77FN8T3I4JEY27');

insert into RACE (CODERACE, CODEES, LIBELLERACE) values ('   I', '  E', 'CTSHLG9AEKVEEAE273TTUTWCLXP9GA6RTO7WYQ8T');

insert into ANIMAL (IDANIMAL, CODEIDEN, IDPRO, PRO_IDPRO, CODESTA, CODERACE, NOMANIMAL, DATEARRIVEANIMAL, DATEDEPARTANIMAL, DESCRIPTION, SEXE, CASTRE, AGE, VACCINER, IMAGE, PRIXADOPTION) values (2, ' 5', 14, 4, ' 2', '   6', '3G45LD9QR2H4OI25VL3HPNYGO7GKGC', '892-2-15', '1537-10-22', 'BQYPGV5KFWV7N4 W 0QS8J2J5P P2GE7LWOSGL075AD46WIPEEHP5CB0GFCHT3K3QHW82NH24OXTR4K0YOXFYO7RF0TVP38RQSWBJGLBXERPHV9Q5FMMSH8KQJE85JG8ROF7UGAFEBLY37O0RQFTDQQMALHJ6H7U2IKQJ3D7HSJIX8PBL9PA5D0A4EUPJ2E847VLVXLN', 14, 18, 6, 10, '06HT9JIMFK ORI4MQ4  KSND627UP051ULB2FVGA', 12);

insert into ANIMAL (IDANIMAL, CODEIDEN, IDPRO, PRO_IDPRO, CODESTA, CODERACE, NOMANIMAL, DATEARRIVEANIMAL, DATEDEPARTANIMAL, DESCRIPTION, SEXE, CASTRE, AGE, VACCINER, IMAGE, PRIXADOPTION) values (1, ' 8', 7, 4, ' B', '   4', 'S4IJXL0NANUFFXBSG9YSID2EOWAREN', '496-9-23', '1348-7-5', 'AQ33236EP6727G9AEKQBJFS7J897RHK43M5A5YU9970191JKHCQT9S3 1H2URAV7AF0CL0D8MJPSQ6WDWGUDCBW0KJ1I4 XSIMGCCIAWA 7QM07897J 4AQY7DDYN643FAK53Q24VTW1MOA FDNDM  W5LKSXJPI0 VF5X218VJO5CVPCAD2FP 3T9MD5RVS8TDLIFK3', 7, 6, 17, 17, '8IIHVREG9POGNHSD516MW13SP09LTHIKEW3T5008', 6);

insert into ANIMAL (IDANIMAL, CODEIDEN, IDPRO, PRO_IDPRO, CODESTA, CODERACE, NOMANIMAL, DATEARRIVEANIMAL, DATEDEPARTANIMAL, DESCRIPTION, SEXE, CASTRE, AGE, VACCINER, IMAGE, PRIXADOPTION) values (8, ' D', 5, 1, ' B', '   6', 'ED94FUBX19TCI6LMDM23L1J3RHJCD9', '1607-9-28', '319-2-4', '9HAE68KR4VDFXS 3P0WT3KO CECUSMRY5LQQEKWT3GPI L3SK061BP3BPWL69VQO4MU 3NCTN0U7AKCA8YNRYY2FT29CWLGHNH08BQ7YF M634O0P2WGT5C6C2WXA9TYAO0DM7RQ4EBVBP M51WDD5MN5OI7NCOXT820DD5YPQMIJU 5W83KRTKB76GCYCOI3ORMIOFO', 8, 17, 2, 6, 'YWDO56LHL6PLX7LYXGHAVA9 HBB7E95OTYE 9A3V', 3);

insert into ANIMAL (IDANIMAL, CODEIDEN, IDPRO, PRO_IDPRO, CODESTA, CODERACE, NOMANIMAL, DATEARRIVEANIMAL, DATEDEPARTANIMAL, DESCRIPTION, SEXE, CASTRE, AGE, VACCINER, IMAGE, PRIXADOPTION) values (9, ' 3', 0, 9, ' 3', '   1', 'KTRXL4N2B6VU71EP7WXWH6GLPD1BMY', '1213-4-22', '1159-4-22', '72L2 1DTFF8UQ2MVNFI8RTI3744EMJK8V QCLVO5DYMTQUAASQWI9BMCD5LD EH91MYXWWE0IPSVU3TT217NCII9XXX9HRWN9LI54TYHS3T7UVH13OEWKYG2F3FOR5JL835436KXC14P46FROOYA4DQ9JWPX 30JTV SDRH1F1K5Q3P3OGMKUGHO31S437RA 4IS38SQ', 19, 5, 10, 18, '6T35VJTE4IFWQ75F8T7WXMVVXQGG 862QS HH3RC', 5);

insert into ANIMAL (IDANIMAL, CODEIDEN, IDPRO, PRO_IDPRO, CODESTA, CODERACE, NOMANIMAL, DATEARRIVEANIMAL, DATEDEPARTANIMAL, DESCRIPTION, SEXE, CASTRE, AGE, VACCINER, IMAGE, PRIXADOPTION) values (16, ' 3', 10, 16, ' H', '   A', 'U33X96J2OXYMWL8PSECT90OUVOG3CT', '1-1-1', '796-2-8', 'F2C1EQ8F81OD9YSE4S57L28TWMON5CH9XO6NH7XFJ Q1IKKSQXMTPCQGVPTL VH3OX231NH10DTPE5OH9UHGAQHTE7MORNM2JEI6PBNJ6RCBGIYF5CECVWLQ3GBOAHM7K8CKWDXERB8KRH0T1UGILL4EQED8093WX2WNJ3VFNOOY40H5P93SAM09AGSO2WMR14TOCSTO', 3, 9, 5, 5, 'YB2W58K H130V464NMO WIOS5GII31C8CHPLJBS3', 9);

insert into ANIMAL (IDANIMAL, CODEIDEN, IDPRO, PRO_IDPRO, CODESTA, CODERACE, NOMANIMAL, DATEARRIVEANIMAL, DATEDEPARTANIMAL, DESCRIPTION, SEXE, CASTRE, AGE, VACCINER, IMAGE, PRIXADOPTION) values (12, ' H', 7, 11, ' 7', '   9', 'BKCN 4QU9NOA3UL614NMYLUY15VN5H', '1000-4-22', '1415-1-17', 'S3CQ YU7128PGR1 SKY87CMPC37KLR3KF8CYFAI0676P7T1MK9KSVIFXJ8J49CWPUE3G9 QYC8LWDPMEYIV24FCWGCRVYXB KCIUT2SLX6M8DACXKXELQ4HE1P55 XFN7FVI8LRVIMQFBIP14K6N2OYFH7F29S25KGUN7LOXSPWY0B2UG2LA74QB06PGD 5ALVK748G9', 9, 8, 12, 13, 'A4TDWXY0EJL98LC4KS60SGESA610 I0EURKLD7YF', 17);

insert into ANIMAL (IDANIMAL, CODEIDEN, IDPRO, PRO_IDPRO, CODESTA, CODERACE, NOMANIMAL, DATEARRIVEANIMAL, DATEDEPARTANIMAL, DESCRIPTION, SEXE, CASTRE, AGE, VACCINER, IMAGE, PRIXADOPTION) values (18, ' G', 1, 5, ' 3', '   A', 'N0P6 D7SU8YY OXPMFXFQMQIM453P8', '80-12-30', '1085-1-3', 'M0D3TPPQOJFDUNOP4KJ1L0C2FJIW0LYK2RYXUOTFWPWJCDLFDST9SEBVCXLAKWWXAMR9TBHWIRM5QH6NKSXBKQM9P05N5BYLMVAQ4OQD GMGP61UM5L94LP45BV1R2O6K9KRTWFD01ADKQOQKT UBNWNEUXD2FIKR2VIL4EQEDIOBFHBNEMOPIJAC7T9DPTU140XTIEJ', 15, 16, 13, 15, 'RX4QW2TDA8VI8IP1Y59 8TBXH5 3B2VJIPLLHGN5', 18);

insert into ANIMAL (IDANIMAL, CODEIDEN, IDPRO, PRO_IDPRO, CODESTA, CODERACE, NOMANIMAL, DATEARRIVEANIMAL, DATEDEPARTANIMAL, DESCRIPTION, SEXE, CASTRE, AGE, VACCINER, IMAGE, PRIXADOPTION) values (5, ' B', 1, 15, ' H', '   1', '36BEKO9LJ011Y061QF 2SHUQ8TN2RE', '819-5-9', '1249-7-20', '3QIXLKTVA I3GWQS1HH4O8WHCT6THA0590WEQHVY 7 8EJK5OBB6KBX7S1VMAOR95MR8OJTHG7U0272NMV0FEE  O65PJY5R7HK916NIJNA4KM2WEUSL1V12E7C67FFW11462SCI8TV1RNFROG6A5602LM9UYFX6EBREQVR4RFM235SB9G5TXTPRYF4E3BRC7T36LWMD', 17, 19, 18, 19, 'OPX9SGVBPLW6MDPVQ122ETDSKFSV5D9CCR2DGHH6', 14);

insert into ANIMAL (IDANIMAL, CODEIDEN, IDPRO, PRO_IDPRO, CODESTA, CODERACE, NOMANIMAL, DATEARRIVEANIMAL, DATEDEPARTANIMAL, DESCRIPTION, SEXE, CASTRE, AGE, VACCINER, IMAGE, PRIXADOPTION) values (17, ' 5', 7, 14, ' 7', '   E', '52YG1V1ESFVIDBX9H0WEE0CJKLX2II', '404-11-5', '577-7-12', 'ERX7O S17539CBUAF6I9JH0HHM9HWEMHMMMAB1YMLDSKY6120YGNWDNYHAQ4JYB03EVWFAP2QGFDY0SQ CCJGFICLYEN256RLWBH3PCL4BM48EKAOI1R45FLB9KEOLLV2L 53B5SBBD3D0NYN5RTH12VDDXJ9YVOLECVT37G3F2BIHC9JF52RO0MK1LXCW7VHR6DB5LP', 16, 10, 15, 1, '0AVY892S7P8H MWX 4UDTG141FFPWVZHJJLIRN9H', 1);

insert into ANIMAL (IDANIMAL, CODEIDEN, IDPRO, PRO_IDPRO, CODESTA, CODERACE, NOMANIMAL, DATEARRIVEANIMAL, DATEDEPARTANIMAL, DESCRIPTION, SEXE, CASTRE, AGE, VACCINER, IMAGE, PRIXADOPTION) values (10, ' 8', 7, 8, ' H', '   5', 'TKAUQCD78BW8IO1QYR0JUPY8XY 3I8', '595-12-9', '858-9-25', 'E4JJIJR0637MUNSNXH4B36OD4QS5BLAXBF0CVV AMEFEAISYMHE4CIAF2SSJ6J3S2V45TBXF 6N3A BTYCSMKN J318KY4UA1JW12LH5KP55PPLWEV UYHKH11M4BK5LS0R 6KGBTWLS1DR0LI6M9RRD XTTL3L91FLO93H5E412GRTDA2WJYF7H3E23TYP2MHNL2256', 13, 3, 1, 2, 'RXC32TVW0BBN0D8YM9JXGWQE45RSLOY2C3LF9PN2', 16);

insert into ANIMAL (IDANIMAL, CODEIDEN, IDPRO, PRO_IDPRO, CODESTA, CODERACE, NOMANIMAL, DATEARRIVEANIMAL, DATEDEPARTANIMAL, DESCRIPTION, SEXE, CASTRE, AGE, VACCINER, IMAGE, PRIXADOPTION) values (15, ' A', 0, 5, ' 2', '   G', 'HX4JKJU2XNL6ICN4CLHBHLVOX99UW2', '1428-12-18', '1-1-1', '2BYTTMRCG24Y6CFIQL34MGU3KBJ02D 4RW9KLQDP6E61PGWDE9YWBVBP2PEYD D3JV9QW FFPKURXRX7TN56WKBJEVNBQVLDOSMGJ6LSGMBTX7TJQIMIXYYI4N6NJ2VLKNFN 9EDY46QIUQ357N7QE9UTBADVLCOS292C4D0 4ER QPX8JXD8D50BRNNHJ0S 4 6CRTT', 2, 11, 14, 4, '1563VS1J6EBE1W0DOIKLOLTV32OTVMFXL7SSBFIY', 19);

insert into ANIMAL (IDANIMAL, CODEIDEN, IDPRO, PRO_IDPRO, CODESTA, CODERACE, NOMANIMAL, DATEARRIVEANIMAL, DATEDEPARTANIMAL, DESCRIPTION, SEXE, CASTRE, AGE, VACCINER, IMAGE, PRIXADOPTION) values (13, ' 9', 9, 15, ' 5', '   G', 'ONYDS116J3KY2J93FSSOELC86WN4E6', '1051-7-25', '1734-2-19', 'EAEYHYQD9XLX1CGRLCEFP1TE3GX8F4267PX8NNP N87HDSW4P  HM6L74AUCO9AUM495WYEP1WNJ5A4HY5DBW52A89VBT7LQ0PY583JN5YBAYEOFRRU8W5WWSNJS81Y4T72EB7O9YTWQYP0TOE4ALEONA8S5 WBIRW0XIMCBHLLQ2UHUI2CDP7TFC9 KSXGQLMLESK S', 10, 0, 11, 8, 'VH5EC802CILDQMCM97MCVWDEEOXPS3NF3MRVNATI', 13);

insert into ANIMAL (IDANIMAL, CODEIDEN, IDPRO, PRO_IDPRO, CODESTA, CODERACE, NOMANIMAL, DATEARRIVEANIMAL, DATEDEPARTANIMAL, DESCRIPTION, SEXE, CASTRE, AGE, VACCINER, IMAGE, PRIXADOPTION) values (19, ' 6', 14, 16, ' 9', '   9', 'RF TICGKHQX68GXPGYUV1A XNGWARE', '1122-11-23', '186-6-2', ' SXSSHE 2C23ITOCTLV1XA3VCO3FSCVYTJVACAVXGB7X KLULLOAI6VB4X5BUC9EJGTDJ10PVN32RTONV5WV5VAP7SS4VW9YVPJXVFTMNHJG5 2PWOK16MU 07HQJGYSMX7OI949CINW3FPC352XLPUD6M3U2D8BUFE4AESGL 0Y5NJ3205E0IJDF0VUF6 6OV4HNMHD', 1, 7, 3, 3, 'HTXQA8HHENHEDG428LDYVDT52HHUV8M333TVLXV6', 11);

insert into ANIMAL (IDANIMAL, CODEIDEN, IDPRO, PRO_IDPRO, CODESTA, CODERACE, NOMANIMAL, DATEARRIVEANIMAL, DATEDEPARTANIMAL, DESCRIPTION, SEXE, CASTRE, AGE, VACCINER, IMAGE, PRIXADOPTION) values (0, ' 0', 8, 7, ' B', '   7', 'VOP3XMU02G9B5C4 YT0CSUVAYI4C10', '702-8-24', '259-8-8', '9NLXM4DSJB23RC2QOYJ06D EGMTTPUTEBSSYEBVJEMEGRMJK0G5BKGU7NF8X80CAW8DX1UOQRY5PNSV6M46JH 66WNMHP F BCIHS8B3S RTNA 7W2K9HKF3 6LS7TFQ0 V4J37JVT1KQMMJDXJTRT 2VF62FHL5MKD3S3QBJ58JFBIEQXVC8E6HNBT8U 00W2HCRV2Y', 12, 1, 9, 7, 'BQ1KYIGCITJU7VVG2M9GXKVCA35VPOKBKY68E CG', 0);

insert into ANIMAL (IDANIMAL, CODEIDEN, IDPRO, PRO_IDPRO, CODESTA, CODERACE, NOMANIMAL, DATEARRIVEANIMAL, DATEDEPARTANIMAL, DESCRIPTION, SEXE, CASTRE, AGE, VACCINER, IMAGE, PRIXADOPTION) values (14, ' F', 7, 5, ' 8', '   5', 'W8MSG0T5UX2PG05YGX6PJQ5H93DB50', '331-7-30', '117-9-20', 'G5Y10V78TQORD 50LBB1HGSFRY0RB5EAGL98BX8RNMFQDA1K4GY02XVTA86VXMRCKQLYY303DC2Q23UER8EEYL3TPFL1R35JWCTY2 SGA8Y1X4G1BPOA7K7EGMBFNCEHSS7OJAVHW3TO58Q8LI9KI2XS1FRY26B4OWECWPB2UARGH8D2PQ1T5BTH6YSB5IJO73H B06B', 18, 2, 7, 11, 'RPY78 AAPX299ADHWKYXI33N3JF2WLVCE9WKOR 2', 10);

insert into ANIMAL (IDANIMAL, CODEIDEN, IDPRO, PRO_IDPRO, CODESTA, CODERACE, NOMANIMAL, DATEARRIVEANIMAL, DATEDEPARTANIMAL, DESCRIPTION, SEXE, CASTRE, AGE, VACCINER, IMAGE, PRIXADOPTION) values (6, ' 0', 13, 19, '  ', '   A', 'JK 8XTG6 UJ986RWTKP7739MMU9KR3', '1266-2-27', '1664-4-26', 'URD F00WS29I6KCCQWO0N5OM5AYFKYFOVXMM3G7C8OMT93XDPF2B228QFXO97CUX1PUJ7IECJA7PN7U BB09G7K340YUA 8 LNTO96X1D5JYCAARUR0PMK1 H1ICPR86XRQQAE2 K1H3 PEOSLW8W4T2X2EOTLD2LL5927YV3AEHUU5XT408FX17 O5KTD6GD72IYPOR', 6, 14, 8, 12, '3E5WC56LXRNVKRV838PJA3370 18UEUGHL4PDX82', 8);

insert into ANIMAL (IDANIMAL, CODEIDEN, IDPRO, PRO_IDPRO, CODESTA, CODERACE, NOMANIMAL, DATEARRIVEANIMAL, DATEDEPARTANIMAL, DESCRIPTION, SEXE, CASTRE, AGE, VACCINER, IMAGE, PRIXADOPTION) values (7, ' C', 16, 14, ' 8', '   G', 'RM9N0KKUSLLE5ORJJ6X2I8XE2JU877', '254-12-24', '942-11-2', '2QX6T6I P71XW2PLE PHE2 I29WJ1Y8YSQ93J6ALF717PMRP0MDQ0O3NRWE703G3Q8WW9B8T22JVVS2AVRWDQ7PIMST58861HMR0V6Y X8GE4OCB43D8APV205QSRM3XSX7PXB0PEO33RI755WEX2AMMEQ7A8FS9LL YNAVW3V62TJ9BFWWV41UNHSNM WRPYO7KWSVO', 4, 4, 4, 16, 'HH4F2B7CVDBW29WLC D8T0MD8L1T4DFIX2N1VHBK', 15);

insert into ANIMAL (IDANIMAL, CODEIDEN, IDPRO, PRO_IDPRO, CODESTA, CODERACE, NOMANIMAL, DATEARRIVEANIMAL, DATEDEPARTANIMAL, DESCRIPTION, SEXE, CASTRE, AGE, VACCINER, IMAGE, PRIXADOPTION) values (3, ' 0', 11, 3, ' 6', '    ', '0BNBWA6 NO7DRQ F95T07MK0PUK3EA', '1316-8-19', '370-2-17', 'PXU5 0YQLF7863E 25VJ1CFB3RH48FAI5DM I7NJH940JOXQ344L025CEXRYTXB6IAG1FGM51USW8Y48QM237E3DFSF8I 0MXDPGD419E TGY7H58 Q5MPGAUI8USEC7TQ39KL0WT54 1NHG27KLTE85JSCHTW8HO3T81AIBPA5KFMECSPH54WDFIUENECGA5NEWBOF2', 0, 13, 16, 9, 'WT26DW4A7TEG9T03VYB63CIWPDU HXAUTV170UGC', 7);

insert into ANIMAL (IDANIMAL, CODEIDEN, IDPRO, PRO_IDPRO, CODESTA, CODERACE, NOMANIMAL, DATEARRIVEANIMAL, DATEDEPARTANIMAL, DESCRIPTION, SEXE, CASTRE, AGE, VACCINER, IMAGE, PRIXADOPTION) values (11, ' 3', 4, 13, ' D', '   0', 'IYHB5A4TTOQX1JH4K8S89M8PU09GYU', '1539-12-1', '652-7-19', 'CI71TCO1Q769PO9MOCV7MM5MF5YYP7TWXFGA79UX81641U4UQL10F TFW5LQVE1EL1P4TI1P7YF12F0W3XN7O6MX0PJIG 4LW0848MYKD3L4P389XA6RR9PYLT5ANL8YHKNMO45YJ7TAEJ IF5GEQA3LKXAWCYKA7F0Q1M5NRIM7EGDN1IONBDQA016X1T6P2VRCVQCO', 5, 12, 19, 14, 'QM0JJ1K46VTHFP7EFSU83E79DHTLF0K412GWNWS8', 4);

insert into ANIMAL (IDANIMAL, CODEIDEN, IDPRO, PRO_IDPRO, CODESTA, CODERACE, NOMANIMAL, DATEARRIVEANIMAL, DATEDEPARTANIMAL, DESCRIPTION, SEXE, CASTRE, AGE, VACCINER, IMAGE, PRIXADOPTION) values (4, ' H', 0, 1, ' 2', '   9', 'PVPBU5BSITFFR1D8N4JDRR89I0E9R1', '189-6-24', '429-12-9', '5SWCHLEWCWKQVLIN4QEPUW1K6OQ5C32C1C1 6RYQ2E5TF67OC21EN0 IW67MDDJ8W1Q5MQXY3LVOP9FL6NIXV SHO9U F9V7C74NLDYNGLN004SWDKO0OO6O4ARAOK3G6RS3LJQ4C2Q6D SESJS3T OK 7DCY 6FC4OUQ5S257SFE4T5ERHHSTTY9FLPRDWSWA52Q4KD', 11, 15, 0, 0, 'YYS8WB2IW83NJO0AJ1CPR8 8JBEP7P1J7GWNY3K1', 2);

